Y;Effect;Groupe.var;pval (originale);pval ;Comparaison;Estimate;p-value;Significance;;
ab.colsx;Stratum effect;General;P < 0,001;P < 0,001;AC_UC;-0.18850     ;0.16264    ;N.S;;
ab.colsx;Stratum effect;General;P < 0,001;P < 0,001;AC_LC;0.12221    ;0.56325    ;N.S;;
ab.colsx;Stratum effect;General;P < 0,001;P < 0,001;AC_BC;0.33182    ;0.00421 ** ;**;;
ab.colsx;Stratum effect;General;P < 0,001;P < 0,001;UC_LC;0.31071    ;0.00332 ** ;**;;
ab.colsx;Stratum effect;General;P < 0,001;P < 0,001;UC_BC;0.52032    ;< 0.001 ***;***;;
ab.colsx;Stratum effect;General;P < 0,001;P < 0,001;LC_BC;0.20960    ;0.13565    ;N.S;;
sr.colsx;Stratum effect;General;P < 0,001;P < 0,001;AC_UC;-9.838;0.02756 *;N.S;;
sr.colsx;Stratum effect;General;P < 0,001;P < 0,001;AC_LC;1.909      ;0.94932    ;N.S;;
sr.colsx;Stratum effect;General;P < 0,001;P < 0,001;AC_BC;4.805            ;0.52552    ;N.S;;
sr.colsx;Stratum effect;General;P < 0,001;P < 0,001;UC_LC;11.747      ;0.00462 **;**;;
sr.colsx;Stratum effect;General;P < 0,001;P < 0,001;UC_BC;14.643      ;< 0.001 ***;***;;
sr.colsx;Stratum effect;General;P < 0,001;P < 0,001;LC_BC;2.896      ;0.84556    ;N.S;;
ab.colsxrar;Stratum effect;General;P < 0,001;P < 0,001;AC_UC;-0.60580;< 0.001 ***;***;;
ab.colsxrar;Stratum effect;General;P < 0,001;P < 0,001;AC_LC;-0.03042;0.99742    ;N.S;;
ab.colsxrar;Stratum effect;General;P < 0,001;P < 0,001;AC_BC;0.89971    ;< 0.001 ***;***;;
ab.colsxrar;Stratum effect;General;P < 0,001;P < 0,001;UC_LC;0.57538    ;0.00114 **;**;;
ab.colsxrar;Stratum effect;General;P < 0,001;P < 0,001;UC_BC;1.50551    ;< 0.001 ***;***;;
ab.colsxrar;Stratum effect;General;P < 0,001;P < 0,001;LC_BC;0.93013    ;< 0.001 ***;***;;
sr.colsxrar;Stratum effect;General;P < 0,001;P < 0,001;AC_UC;-0.39644;< 0.001 ***;***;;
sr.colsxrar;Stratum effect;General;P < 0,001;P < 0,001;AC_LC;-0.11664 ;0.58016    ;N.S;;
sr.colsxrar;Stratum effect;General;P < 0,001;P < 0,001;AC_BC;0.35976;0.00202 **;**;;
sr.colsxrar;Stratum effect;General;P < 0,001;P < 0,001;UC_LC;0.27979    ;0.00470 **;**;;
sr.colsxrar;Stratum effect;General;P < 0,001;P < 0,001;UC_BC;0.75619    ;< 0.001 ***;***;;
sr.colsxrar;Stratum effect;General;P < 0,001;P < 0,001;LC_BC;0.47640    ;< 0.001 ***;***;;
ab.colsxcom;Stratum effect;General;P < 0,001;P < 0,001;AC_UC;-0.12324;0.57986    ;N.S;;
ab.colsxcom;Stratum effect;General;P < 0,001;P < 0,001;AC_LC;0.40309    ;0.00184 **;**;;
ab.colsxcom;Stratum effect;General;P < 0,001;P < 0,001;AC_BC;0.50515    ;< 0.001 ***;***;;
ab.colsxcom;Stratum effect;General;P < 0,001;P < 0,001;UC_LC;0.52632    ;< 0.001 ***;***;;
ab.colsxcom;Stratum effect;General;P < 0,001;P < 0,001;UC_BC;0.62839    ;< 0.001 ***;***;;
ab.colsxcom;Stratum effect;General;P < 0,001;P < 0,001;LC_BC;0.10206    ;0.83907    ;N.S;;
sr.colsxcom;Stratum effect;General;P < 0,05;N.S;AC_UC;-7.2007   ;0.1202  ;N.S;;
sr.colsxcom;Stratum effect;General;P < 0,05;N.S;AC_LC;1.8192     ;0.9325  ;N.S;;
sr.colsxcom;Stratum effect;General;P < 0,05;N.S;AC_BC;2.5505     ;0.8330  ;N.S;;
sr.colsxcom;Stratum effect;General;P < 0,05;N.S;UC_LC;9.0199     ;0.0264 *;N.S;;
sr.colsxcom;Stratum effect;General;P < 0,05;N.S;UC_BC;9.7512     ;0.0122 *;N.S;;
sr.colsxcom;Stratum effect;General;P < 0,05;N.S;LC_BC;0.7313;0.9948  ;N.S;;
ab.cav;Stratum effect;Microhabitat Larvae Guilds;P < 0,001;P < 0,001;AC_UC;-0.18244;0.31059    ;N.S;;
ab.cav;Stratum effect;Microhabitat Larvae Guilds;P < 0,001;P < 0,001;AC_LC;0.08704    ;0.87314    ;N.S;;
ab.cav;Stratum effect;Microhabitat Larvae Guilds;P < 0,001;P < 0,001;AC_BC;0.38270    ;0.00824 ** ;N.S;;
ab.cav;Stratum effect;Microhabitat Larvae Guilds;P < 0,001;P < 0,001;UC_LC;0.26948    ;0.06728 .;N.S;;
ab.cav;Stratum effect;Microhabitat Larvae Guilds;P < 0,001;P < 0,001;UC_BC;0.56514    ;< 0.001 ***;***;;
ab.cav;Stratum effect;Microhabitat Larvae Guilds;P < 0,001;P < 0,001;LC_BC;0.29566    ;0.08154 .;N.S;;
sr.cav;Stratum effect;Microhabitat Larvae Guilds;P < 0,001;P < 0,001;AC_UC;-0.18244;0.31053    ;N.S;;
sr.cav;Stratum effect;Microhabitat Larvae Guilds;P < 0,001;P < 0,001;AC_LC;0.08704    ;0.87314    ;N.S;;
sr.cav;Stratum effect;Microhabitat Larvae Guilds;P < 0,001;P < 0,001;AC_BC;0.38270    ;0.00819 **;**;;
sr.cav;Stratum effect;Microhabitat Larvae Guilds;P < 0,001;P < 0,001;UC_LC;0.26948    ;0.06731 .;N.S;;
sr.cav;Stratum effect;Microhabitat Larvae Guilds;P < 0,001;P < 0,001;UC_BC;0.56514    ;< 0.001 ***;***;;
sr.cav;Stratum effect;Microhabitat Larvae Guilds;P < 0,001;P < 0,001;LC_BC;0.29566    ;0.08102 .;N.S;;
ab.fon;Stratum effect;Microhabitat Larvae Guilds;N.S;N.S;AC_UC;;;N.S;;
ab.fon;Stratum effect;Microhabitat Larvae Guilds;N.S;N.S;AC_LC;;;N.S;;
ab.fon;Stratum effect;Microhabitat Larvae Guilds;N.S;N.S;AC_BC;;;N.S;;
ab.fon;Stratum effect;Microhabitat Larvae Guilds;N.S;N.S;UC_LC;;;N.S;;
ab.fon;Stratum effect;Microhabitat Larvae Guilds;N.S;N.S;UC_BC;;;N.S;;
ab.fon;Stratum effect;Microhabitat Larvae Guilds;N.S;N.S;LC_BC;;;N.S;;
sr.fon;Stratum effect;Microhabitat Larvae Guilds;P < 0,05;N.S;AC_UC;-2.828 ;0.0914 .;N.S;;
sr.fon;Stratum effect;Microhabitat Larvae Guilds;P < 0,05;N.S;AC_LC;-3.229;0.0404 *;N.S;;
sr.fon;Stratum effect;Microhabitat Larvae Guilds;P < 0,05;N.S;AC_BC;-2.574;0.1458  ;N.S;;
sr.fon;Stratum effect;Microhabitat Larvae Guilds;P < 0,05;N.S;UC_LC;-0.401;0.9889  ;N.S;;
sr.fon;Stratum effect;Microhabitat Larvae Guilds;P < 0,05;N.S;UC_BC;0.254      ;0.9971  ;N.S;;
sr.fon;Stratum effect;Microhabitat Larvae Guilds;P < 0,05;N.S;LC_BC;0.655      ;0.9541  ;N.S;;
ab.fonspe;Stratum effect;Microhabitat Larvae Guilds;P < 0,01;N.S;AC_UC;0.1295     ;0.7944   ;N.S;;
ab.fonspe;Stratum effect;Microhabitat Larvae Guilds;P < 0,01;N.S;AC_LC;0.4469     ;0.0223 *;N.S;;
ab.fonspe;Stratum effect;Microhabitat Larvae Guilds;P < 0,01;N.S;AC_BC;0.5613     ;0.0020 **;N.S;;
ab.fonspe;Stratum effect;Microhabitat Larvae Guilds;P < 0,01;N.S;UC_LC;0.3174     ;0.1997   ;N.S;;
ab.fonspe;Stratum effect;Microhabitat Larvae Guilds;P < 0,01;N.S;UC_BC;0.4318     ;0.0392 *;N.S;;
ab.fonspe;Stratum effect;Microhabitat Larvae Guilds;P < 0,01;N.S;LC_BC;0.1144;0.9150   ;N.S;;
sr.fonspe;Stratum effect;Microhabitat Larvae Guilds;P < 0,05;N.S;AC_UC;-1.11405;0.1129  ;N.S;;
sr.fonspe;Stratum effect;Microhabitat Larvae Guilds;P < 0,05;N.S;AC_LC;-1.44024;0.0251 *;N.S;;
sr.fonspe;Stratum effect;Microhabitat Larvae Guilds;P < 0,05;N.S;AC_BC;-1.15791;0.1082  ;N.S;;
sr.fonspe;Stratum effect;Microhabitat Larvae Guilds;P < 0,05;N.S;UC_LC;-0.32618;0.9303  ;N.S;;
sr.fonspe;Stratum effect;Microhabitat Larvae Guilds;P < 0,05;N.S;UC_BC;-0.04386;0.9998  ;N.S;;
sr.fonspe;Stratum effect;Microhabitat Larvae Guilds;P < 0,05;N.S;LC_BC;0.28232    ;0.9530  ;N.S;;
ab.suc;Stratum effect;Microhabitat Larvae Guilds;P < 0,001;P < 0,001;AC_UC;-0.7901;0.00801 **;N.S;;
ab.suc;Stratum effect;Microhabitat Larvae Guilds;P < 0,001;P < 0,001;AC_LC;-1.0156;< 0.001 ***;***;;
ab.suc;Stratum effect;Microhabitat Larvae Guilds;P < 0,001;P < 0,001;AC_BC;-0.3894;0.42536    ;N.S;;
ab.suc;Stratum effect;Microhabitat Larvae Guilds;P < 0,001;P < 0,001;UC_LC;-0.2255;0.71685    ;N.S;;
ab.suc;Stratum effect;Microhabitat Larvae Guilds;P < 0,001;P < 0,001;UC_BC;0.4008     ;0.30287    ;N.S;;
ab.suc;Stratum effect;Microhabitat Larvae Guilds;P < 0,001;P < 0,001;LC_BC;0.6263     ;0.02759 *;N.S;;
sr.suc;Stratum effect;Microhabitat Larvae Guilds;N.S;N.S;AC_UC;;;N.S;;
sr.suc;Stratum effect;Microhabitat Larvae Guilds;N.S;N.S;AC_LC;;;N.S;;
sr.suc;Stratum effect;Microhabitat Larvae Guilds;N.S;N.S;AC_BC;;;N.S;;
sr.suc;Stratum effect;Microhabitat Larvae Guilds;N.S;N.S;UC_LC;;;N.S;;
sr.suc;Stratum effect;Microhabitat Larvae Guilds;N.S;N.S;UC_BC;;;N.S;;
sr.suc;Stratum effect;Microhabitat Larvae Guilds;N.S;N.S;LC_BC;;;N.S;;
ab.lig;Stratum effect;Microhabitat Larvae Guilds;P < 0,001;P < 0,001;AC_UC;-0.19016;0.1736    ;N.S;;
ab.lig;Stratum effect;Microhabitat Larvae Guilds;P < 0,001;P < 0,001;AC_LC;0.24675    ;0.0395 *;N.S;;
ab.lig;Stratum effect;Microhabitat Larvae Guilds;P < 0,001;P < 0,001;AC_BC;0.45196    ;< 0.001 ***;***;;
ab.lig;Stratum effect;Microhabitat Larvae Guilds;P < 0,001;P < 0,001;UC_LC;0.43691    ;< 0.001 ***;***;;
ab.lig;Stratum effect;Microhabitat Larvae Guilds;P < 0,001;P < 0,001;UC_BC;0.64213    ;< 0.001 ***;***;;
ab.lig;Stratum effect;Microhabitat Larvae Guilds;P < 0,001;P < 0,001;LC_BC;0.20522    ;0.1176    ;N.S;;
sr.lig;Stratum effect;Microhabitat Larvae Guilds;P < 0,001;P < 0,001;AC_UC;-8.288;0.0453 *;N.S;;
sr.lig;Stratum effect;Microhabitat Larvae Guilds;P < 0,001;P < 0,001;AC_LC;4.259      ;0.5378    ;N.S;;
sr.lig;Stratum effect;Microhabitat Larvae Guilds;P < 0,001;P < 0,001;AC_BC;6.155      ;0.2132    ;N.S;;
sr.lig;Stratum effect;Microhabitat Larvae Guilds;P < 0,001;P < 0,001;UC_LC;12.547      ;< 0.001 ***;***;;
sr.lig;Stratum effect;Microhabitat Larvae Guilds;P < 0,001;P < 0,001;UC_BC;14.443      ;< 0.001 ***;***;;
sr.lig;Stratum effect;Microhabitat Larvae Guilds;P < 0,001;P < 0,001;LC_BC;1.896      ;0.9332    ;N.S;;
ab.flo;Stratum effect;Adult Guilds;P < 0,001;P < 0,001;AC_UC;-0.1247;0.756    ;N.S;;
ab.flo;Stratum effect;Adult Guilds;P < 0,001;P < 0,001;AC_LC;0.6113     ;1.13e-05 ***;***;;
ab.flo;Stratum effect;Adult Guilds;P < 0,001;P < 0,001;AC_BC;1.2379 ;< 1e-05 ***;***;;
ab.flo;Stratum effect;Adult Guilds;P < 0,001;P < 0,001;UC_LC;0.7360          ;< 1e-05 ***;***;;
ab.flo;Stratum effect;Adult Guilds;P < 0,001;P < 0,001;UC_BC;1.3626     ;< 1e-05 ***;***;;
ab.flo;Stratum effect;Adult Guilds;P < 0,001;P < 0,001;LC_BC;0.6266     ;1.58e-05 ***;***;;
sr.flo;Stratum effect;Adult Guilds;P < 0,001;P < 0,001;AC_UC;-3.415;0.0747 .;N.S;;
sr.flo;Stratum effect;Adult Guilds;P < 0,001;P < 0,001;AC_LC;2.013      ;0.4154    ;N.S;;
sr.flo;Stratum effect;Adult Guilds;P < 0,001;P < 0,001;AC_BC;5.314      ;< 0.001 ***;***;;
sr.flo;Stratum effect;Adult Guilds;P < 0,001;P < 0,001;UC_LC;5.427           ;< 0.001 ***;***;;
sr.flo;Stratum effect;Adult Guilds;P < 0,001;P < 0,001;UC_BC;8.728      ;< 0.001 ***;***;;
sr.flo;Stratum effect;Adult Guilds;P < 0,001;P < 0,001;LC_BC;3.301      ;0.0276 *;N.S;;
ab.pho;Stratum effect;Microhabitat Larvae Guilds;P < 0,01;N.S;AC_UC;-0.19193;0.43684   ;N.S;;
ab.pho;Stratum effect;Microhabitat Larvae Guilds;P < 0,01;N.S;AC_LC;-0.24649;0.21259   ;N.S;;
ab.pho;Stratum effect;Microhabitat Larvae Guilds;P < 0,01;N.S;AC_BC;-0.05455;0.26251   ;N.S;;
ab.pho;Stratum effect;Microhabitat Larvae Guilds;P < 0,01;N.S;UC_LC;0.25092    ;0.97175   ;N.S;;
ab.pho;Stratum effect;Microhabitat Larvae Guilds;P < 0,01;N.S;UC_BC;0.44285;0.00547 **;N.S;;
ab.pho;Stratum effect;Microhabitat Larvae Guilds;P < 0,01;N.S;LC_BC;0.49740    ;0.00130 **;N.S;;
sr.pho;Stratum effect;Microhabitat Larvae Guilds;P < 0,01;N.S;AC_UC;-0.4735;0.43354   ;N.S;;
sr.pho;Stratum effect;Microhabitat Larvae Guilds;P < 0,01;N.S;AC_LC;-0.9355;0.02148 *;N.S;;
sr.pho;Stratum effect;Microhabitat Larvae Guilds;P < 0,01;N.S;AC_BC;0.1100     ;0.98062   ;N.S;;
sr.pho;Stratum effect;Microhabitat Larvae Guilds;P < 0,01;N.S;UC_LC;-0.4619 ;0.52218   ;N.S;;
sr.pho;Stratum effect;Microhabitat Larvae Guilds;P < 0,01;N.S;UC_BC;0.5835     ;0.21351   ;N.S;;
sr.pho;Stratum effect;Microhabitat Larvae Guilds;P < 0,01;N.S;LC_BC;1.0455     ;0.00479 **;N.S;;
ab.myc;Stratum effect;Trophic Larvae Guilds;P < 0,01;N.S;AC_UC;0.09466    ;0.7412    ;N.S;;
ab.myc;Stratum effect;Trophic Larvae Guilds;P < 0,01;N.S;AC_LC;0.15946    ;0.3517    ;N.S;;
ab.myc;Stratum effect;Trophic Larvae Guilds;P < 0,01;N.S;AC_BC;0.38292    ;< 0.001 ***;N.S;;
ab.myc;Stratum effect;Trophic Larvae Guilds;P < 0,01;N.S;UC_LC;0.06481    ;0.9140    ;N.S;;
ab.myc;Stratum effect;Trophic Larvae Guilds;P < 0,01;N.S;UC_BC;0.28826    ;0.0257 *;N.S;;
ab.myc;Stratum effect;Trophic Larvae Guilds;P < 0,01;N.S;LC_BC;0.22346    ;0.1456    ;N.S;;
sr.myc;Stratum effect;Trophic Larvae Guilds;N.S;N.S;AC_UC;;;N.S;;
sr.myc;Stratum effect;Trophic Larvae Guilds;N.S;N.S;AC_LC;;;N.S;;
sr.myc;Stratum effect;Trophic Larvae Guilds;N.S;N.S;AC_BC;;;N.S;;
sr.myc;Stratum effect;Trophic Larvae Guilds;N.S;N.S;UC_LC;;;N.S;;
sr.myc;Stratum effect;Trophic Larvae Guilds;N.S;N.S;UC_BC;;;N.S;;
sr.myc;Stratum effect;Trophic Larvae Guilds;N.S;N.S;LC_BC;;;N.S;;
ab.xyl;Stratum effect;Trophic Larvae Guilds;P < 0,001;P < 0,001;AC_UC;0.009734   ;0.99981    ;N.S;;
ab.xyl;Stratum effect;Trophic Larvae Guilds;P < 0,001;P < 0,001;AC_LC;0.326711   ;0.03636 *;N.S;;
ab.xyl;Stratum effect;Trophic Larvae Guilds;P < 0,001;P < 0,001;AC_BC;0.478756   ;0.00196 **;**;;
ab.xyl;Stratum effect;Trophic Larvae Guilds;P < 0,001;P < 0,001;UC_LC;0.316977   ;0.03786 *;N.S;;
ab.xyl;Stratum effect;Trophic Larvae Guilds;P < 0,001;P < 0,001;UC_BC;0.469023   ;< 0.001 ***;***;;
ab.xyl;Stratum effect;Trophic Larvae Guilds;P < 0,001;P < 0,001;LC_BC;0.152045   ;0.61886    ;N.S;;
sr.xyl;Stratum effect;Trophic Larvae Guilds;P < 0,001;P < 0,001;AC_UC;1.6620     ;0.422    ;N.S;;
sr.xyl;Stratum effect;Trophic Larvae Guilds;P < 0,001;P < 0,001;AC_LC;6.8087     ;< 1e-04 ***;***;;
sr.xyl;Stratum effect;Trophic Larvae Guilds;P < 0,001;P < 0,001;AC_BC;6.9549     ;< 1e-04 ***;***;;
sr.xyl;Stratum effect;Trophic Larvae Guilds;P < 0,001;P < 0,001;UC_LC;5.1466     ;< 1e-04 ***;***;;
sr.xyl;Stratum effect;Trophic Larvae Guilds;P < 0,001;P < 0,001;UC_BC;5.2928     ;< 1e-04 ***;***;;
sr.xyl;Stratum effect;Trophic Larvae Guilds;P < 0,001;P < 0,001;LC_BC;0.1462     ;0.999    ;N.S;;
ab.sxy;Stratum effect;Trophic Larvae Guilds;P < 0,001;P < 0,001;AC_UC;-1.9133;0.01556 *;N.S;;
ab.sxy;Stratum effect;Trophic Larvae Guilds;P < 0,001;P < 0,001;AC_LC;0.9629     ;0.12980    ;N.S;;
ab.sxy;Stratum effect;Trophic Larvae Guilds;P < 0,001;P < 0,001;AC_BC;1.4904     ;0.00407 **;**;;
ab.sxy;Stratum effect;Trophic Larvae Guilds;P < 0,001;P < 0,001;UC_LC;2.8762     ;< 0.001 ***;***;;
ab.sxy;Stratum effect;Trophic Larvae Guilds;P < 0,001;P < 0,001;UC_BC;3.4037     ;< 0.001 ***;***;;
ab.sxy;Stratum effect;Trophic Larvae Guilds;P < 0,001;P < 0,001;LC_BC;0.5275     ;0.19720    ;N.S;;
sr.sxy;Stratum effect;Trophic Larvae Guilds;P < 0,001;P < 0,001;AC_UC;-0.44728;< 0.001 ***;***;;
sr.sxy;Stratum effect;Trophic Larvae Guilds;P < 0,001;P < 0,001;AC_LC;-0.33123;< 0.001 ***;***;;
sr.sxy;Stratum effect;Trophic Larvae Guilds;P < 0,001;P < 0,001;AC_BC;-0.16139;0.262    ;N.S;;
sr.sxy;Stratum effect;Trophic Larvae Guilds;P < 0,001;P < 0,001;UC_LC;0.11606    ;0.326      ;N.S;;
sr.sxy;Stratum effect;Trophic Larvae Guilds;P < 0,001;P < 0,001;UC_BC;0.28590    ;< 0.001 ***;***;;
sr.sxy;Stratum effect;Trophic Larvae Guilds;P < 0,001;P < 0,001;LC_BC;0.16984    ;0.123    ;N.S;;
ab.zoo;Stratum effect;Trophic Larvae Guilds;P < 0,001;P < 0,001;AC_UC;-0.4880;< 0.001 ***;***;;
ab.zoo;Stratum effect;Trophic Larvae Guilds;P < 0,001;P < 0,001;AC_LC;0.2064     ;0.57451    ;N.S;;
ab.zoo;Stratum effect;Trophic Larvae Guilds;P < 0,001;P < 0,001;AC_BC;0.7349     ;0.00484 **;**;;
ab.zoo;Stratum effect;Trophic Larvae Guilds;P < 0,001;P < 0,001;UC_LC;0.6944     ;< 0.001 ***;***;;
ab.zoo;Stratum effect;Trophic Larvae Guilds;P < 0,001;P < 0,001;UC_BC;1.2229     ;< 0.001 ***;***;;
ab.zoo;Stratum effect;Trophic Larvae Guilds;P < 0,001;P < 0,001;LC_BC;0.5285     ;0.10810    ;N.S;;
sr.zoo;Stratum effect;Trophic Larvae Guilds;P < 0,001;P < 0,001;AC_UC;-0.55862;0.00242 **;**;;
sr.zoo;Stratum effect;Trophic Larvae Guilds;P < 0,001;P < 0,001;AC_LC;-0.02036;0.99928    ;N.S;;
sr.zoo;Stratum effect;Trophic Larvae Guilds;P < 0,001;P < 0,001;AC_BC;0.21156    ;0.54156    ;N.S;;
sr.zoo;Stratum effect;Trophic Larvae Guilds;P < 0,001;P < 0,001;UC_LC;0.53826    ;0.00385 **;**;;
sr.zoo;Stratum effect;Trophic Larvae Guilds;P < 0,001;P < 0,001;UC_BC;0.77018    ;< 0.001 ***;***;;
sr.zoo;Stratum effect;Trophic Larvae Guilds;P < 0,001;P < 0,001;LC_BC;0.23192    ;0.46351    ;N.S;;
ab.cavspe;Stratum effect;Microhabitat Larvae Guilds;P < 0,01;N.S;AC_UC;-0.29344;0.67568   ;N.S;;
ab.cavspe;Stratum effect;Microhabitat Larvae Guilds;P < 0,01;N.S;AC_LC;-0.85467;0.00228 **;N.S;;
ab.cavspe;Stratum effect;Microhabitat Larvae Guilds;P < 0,01;N.S;AC_BC;-0.09111;0.98664   ;N.S;;
ab.cavspe;Stratum effect;Microhabitat Larvae Guilds;P < 0,01;N.S;UC_LC;-0.56123;0.05964 .;N.S;;
ab.cavspe;Stratum effect;Microhabitat Larvae Guilds;P < 0,01;N.S;UC_BC;0.20233    ;0.85481   ;N.S;;
ab.cavspe;Stratum effect;Microhabitat Larvae Guilds;P < 0,01;N.S;LC_BC;0.76356    ;0.00610 **;N.S;;
sr.cavspe;Stratum effect;Microhabitat Larvae Guilds;P < 0,05;N.S;AC_UC;-0.37557;0.3966  ;N.S;;
sr.cavspe;Stratum effect;Microhabitat Larvae Guilds;P < 0,05;N.S;AC_LC;-0.65237;0.0215 *;N.S;;
sr.cavspe;Stratum effect;Microhabitat Larvae Guilds;P < 0,05;N.S;AC_BC;-0.09945;0.9797  ;N.S;;
sr.cavspe;Stratum effect;Microhabitat Larvae Guilds;P < 0,05;N.S;UC_LC;-0.27680;0.5178  ;N.S;;
sr.cavspe;Stratum effect;Microhabitat Larvae Guilds;P < 0,05;N.S;UC_BC;0.27612    ;0.6309  ;N.S;;
sr.cavspe;Stratum effect;Microhabitat Larvae Guilds;P < 0,05;N.S;LC_BC;0.55292    ;0.0573 .;N.S;;
CWM_diam;Stratum effect;Ecological niches Traits;P < 0,05;N.S;AC_UC;-0.047762;0.760  ;N.S;;
CWM_diam;Stratum effect;Ecological niches Traits;P < 0,05;N.S;AC_LC;-0.145236;0.015 *;N.S;;
CWM_diam;Stratum effect;Ecological niches Traits;P < 0,05;N.S;AC_BC;-0.038013;0.863  ;N.S;;
CWM_diam;Stratum effect;Ecological niches Traits;P < 0,05;N.S;UC_LC;-0.097474;0.187  ;N.S;;
CWM_diam;Stratum effect;Ecological niches Traits;P < 0,05;N.S;UC_BC;0.009749   ;0.997  ;N.S;;
CWM_diam;Stratum effect;Ecological niches Traits;P < 0,05;N.S;LC_BC;0.107223   ;0.122  ;N.S;;
CWM_canop;Stratum effect;Ecological niches Traits;P < 0,001;P < 0,001;AC_UC;0.006583   ;0.9988    ;N.S;;
CWM_canop;Stratum effect;Ecological niches Traits;P < 0,001;P < 0,001;AC_LC;-0.173418;< 0.001 ***;***;;
CWM_canop;Stratum effect;Ecological niches Traits;P < 0,001;P < 0,001;AC_BC;-0.105830;0.0662 .;N.S;;
CWM_canop;Stratum effect;Ecological niches Traits;P < 0,001;P < 0,001;UC_LC;-0.180000;< 0.001 ***;***;;
CWM_canop;Stratum effect;Ecological niches Traits;P < 0,001;P < 0,001;UC_BC;-0.112413;0.0496 *;N.S;;
CWM_canop;Stratum effect;Ecological niches Traits;P < 0,001;P < 0,001;LC_BC;0.067587   ;0.4012    ;N.S;;
CWM_decay;Stratum effect;Ecological niches Traits;P < 0,001;P < 0,001;AC_UC;-0.04916;0.86529   ;N.S;;
CWM_decay;Stratum effect;Ecological niches Traits;P < 0,001;P < 0,001;AC_LC;-0.15254;0.07566 .;N.S;;
CWM_decay;Stratum effect;Ecological niches Traits;P < 0,001;P < 0,001;AC_BC;0.06068    ;0.77333   ;N.S;;
CWM_decay;Stratum effect;Ecological niches Traits;P < 0,001;P < 0,001;UC_LC;-0.10338;0.36051   ;N.S;;
CWM_decay;Stratum effect;Ecological niches Traits;P < 0,001;P < 0,001;UC_BC;0.10984    ;0.30590   ;N.S;;
CWM_decay;Stratum effect;Ecological niches Traits;P < 0,001;P < 0,001;LC_BC;0.21322    ;0.00412 **;**;;
CWM_size;Stratum effect;Ecological niches Traits;P < 0,001;P < 0,001;AC_UC;-0.22201;< 0.001 ***;***;;
CWM_size;Stratum effect;Ecological niches Traits;P < 0,001;P < 0,001;AC_LC;0.06234    ;0.73459    ;N.S;;
CWM_size;Stratum effect;Ecological niches Traits;P < 0,001;P < 0,001;AC_BC;0.19343    ;0.00905 **;**;;
CWM_size;Stratum effect;Ecological niches Traits;P < 0,001;P < 0,001;UC_LC;0.28435    ;< 0.001 ***;***;;
CWM_size;Stratum effect;Ecological niches Traits;P < 0,001;P < 0,001;UC_BC;0.41544    ;< 0.001 ***;***;;
CWM_size;Stratum effect;Ecological niches Traits;P < 0,001;P < 0,001;LC_BC;0.13109    ;0.16239    ;N.S;;
FD_diam;Stratum effect;Ecological niches Traits;N.S;N.S;AC_UC;;;N.S;;
FD_diam;Stratum effect;Ecological niches Traits;N.S;N.S;AC_LC;;;N.S;;
FD_diam;Stratum effect;Ecological niches Traits;N.S;N.S;AC_BC;;;N.S;;
FD_diam;Stratum effect;Ecological niches Traits;N.S;N.S;UC_LC;;;N.S;;
FD_diam;Stratum effect;Ecological niches Traits;N.S;N.S;UC_BC;;;N.S;;
FD_diam;Stratum effect;Ecological niches Traits;N.S;N.S;LC_BC;;;N.S;;
FD_canop;Stratum effect;Ecological niches Traits;P < 0,01;N.S;AC_UC;-0.02944;0.94214   ;N.S;;
FD_canop;Stratum effect;Ecological niches Traits;P < 0,01;N.S;AC_LC;-0.17238;0.00529 **;N.S;;
FD_canop;Stratum effect;Ecological niches Traits;P < 0,01;N.S;AC_BC;-0.08739;0.33415   ;N.S;;
FD_canop;Stratum effect;Ecological niches Traits;P < 0,01;N.S;UC_LC;-0.14294;0.03056 *;N.S;;
FD_canop;Stratum effect;Ecological niches Traits;P < 0,01;N.S;UC_BC;-0.05795;0.68075   ;N.S;;
FD_canop;Stratum effect;Ecological niches Traits;P < 0,01;N.S;LC_BC;0.08499    ;0.35930   ;N.S;;
FD_decay;Stratum effect;Ecological niches Traits;P < 0,01;N.S;AC_UC;0.005171   ;0.9994  ;N.S;;
FD_decay;Stratum effect;Ecological niches Traits;P < 0,01;N.S;AC_LC;0.035009   ;0.8847  ;N.S;;
FD_decay;Stratum effect;Ecological niches Traits;P < 0,01;N.S;AC_BC;0.149766   ;0.0103 *;N.S;;
FD_decay;Stratum effect;Ecological niches Traits;P < 0,01;N.S;UC_LC;0.029838   ;0.9261  ;N.S;;
FD_decay;Stratum effect;Ecological niches Traits;P < 0,01;N.S;UC_BC;0.144595   ;0.0160 *;N.S;;
FD_decay;Stratum effect;Ecological niches Traits;P < 0,01;N.S;LC_BC;0.114756   ;0.1096  ;N.S;;
FD_size;Stratum effect;Ecological niches Traits;P < 0,001;P < 0,001;AC_UC;0.3329     ;0.0390 *;N.S;;
FD_size;Stratum effect;Ecological niches Traits;P < 0,001;P < 0,001;AC_LC;-0.3901;0.0406 *;N.S;;
FD_size;Stratum effect;Ecological niches Traits;P < 0,001;P < 0,001;AC_BC;-0.5307;0.0053 **;**;;
FD_size;Stratum effect;Ecological niches Traits;P < 0,001;P < 0,001;UC_LC;-0.7230;< 0.001 ***;***;;
FD_size;Stratum effect;Ecological niches Traits;P < 0,001;P < 0,001;UC_BC;-0.8637;< 0.001 ***;***;;
FD_size;Stratum effect;Ecological niches Traits;P < 0,001;P < 0,001;LC_BC;-0.1407;0.8359    ;N.S;;
ab.colsxrsx;Stratum effect;Microhabitat Larvae Guilds;P < 0,001;P < 0,001;AC_UC;1.4131;< 0.001 ***;***;;
ab.colsxrsx;Stratum effect;Microhabitat Larvae Guilds;P < 0,001;P < 0,001;AC_LC;1.8138     ;< 0.001 ***;***;;
ab.colsxrsx;Stratum effect;Microhabitat Larvae Guilds;P < 0,001;P < 0,001;AC_BC;2.3340     ;< 0.001 ***;***;;
ab.colsxrsx;Stratum effect;Microhabitat Larvae Guilds;P < 0,001;P < 0,001;UC_LC;0.4007     ;0.690    ;N.S;;
ab.colsxrsx;Stratum effect;Microhabitat Larvae Guilds;P < 0,001;P < 0,001;UC_BC;0.9209     ;0.108    ;N.S;;
ab.colsxrsx;Stratum effect;Microhabitat Larvae Guilds;P < 0,001;P < 0,001;LC_BC;0.5202     ;0.643    ;N.S;;
sr.colsxsrx;Stratum effect;Microhabitat Larvae Guilds;P < 0,001;P < 0,001;AC_UC;1.0447     ;< 0.001 ***;***;;
sr.colsxsrx;Stratum effect;Microhabitat Larvae Guilds;P < 0,001;P < 0,001;AC_LC;1.5183     ;< 0.001 ***;***;;
sr.colsxsrx;Stratum effect;Microhabitat Larvae Guilds;P < 0,001;P < 0,001;AC_BC;1.9405     ;< 0.001 ***;***;;
sr.colsxsrx;Stratum effect;Microhabitat Larvae Guilds;P < 0,001;P < 0,001;UC_LC;0.4736     ;0.586    ;N.S;;
sr.colsxsrx;Stratum effect;Microhabitat Larvae Guilds;P < 0,001;P < 0,001;UC_BC;0.8958     ;0.140    ;N.S;;
sr.colsxsrx;Stratum effect;Microhabitat Larvae Guilds;P < 0,001;P < 0,001;LC_BC;0.4222     ;0.794    ;N.S;;
