Y;Effect;Groupe.var;pval (originale);pval;Comparaison;Estimate;p-value;Significance
ab.colsx;Stratum effect;General;P < 0,001;P < 0,001;AC_UC;-0.18275;0.1823    ;N.S
ab.colsx;Stratum effect;General;P < 0,001;P < 0,001;AC_LC;0.23782    ;0.0443 *;N.S
ab.colsx;Stratum effect;General;P < 0,001;P < 0,001;AC_BC;0.44927    ;< 0.001 ***;***
ab.colsx;Stratum effect;General;P < 0,001;P < 0,001;UC_LC;0.42057    ;< 0.001 ***;***
ab.colsx;Stratum effect;General;P < 0,001;P < 0,001;UC_BC;0.63202    ;< 0.001 ***;***
ab.colsx;Stratum effect;General;P < 0,001;P < 0,001;LC_BC;0.21145    ;0.0936 .;N.S
sr.colsx;Stratum effect;General;P < 0,001;P < 0,001;AC_UC;-9.838;0.02769 *;N.S
sr.colsx;Stratum effect;General;P < 0,001;P < 0,001;AC_LC;1.909      ;0.94932    ;N.S
sr.colsx;Stratum effect;General;P < 0,001;P < 0,001;AC_BC;4.805      ;0.52548    ;N.S
sr.colsx;Stratum effect;General;P < 0,001;P < 0,001;UC_LC;11.747      ;0.00488 **;**
sr.colsx;Stratum effect;General;P < 0,001;P < 0,001;UC_BC;14.643      ;< 0.001 ***;***
sr.colsx;Stratum effect;General;P < 0,001;P < 0,001;LC_BC;2.896      ;0.84556    ;N.S
ab.colsxrar;Stratum effect;General;P < 0,001;P < 0,001;AC_UC;-1.425539;0.000102 ***;***
ab.colsxrar;Stratum effect;General;P < 0,001;P < 0,001;AC_LC;0.008195   ;0.999994    ;N.S
ab.colsxrar;Stratum effect;General;P < 0,001;P < 0,001;AC_BC;1.523685   ;< 1e-04 ***;***
ab.colsxrar;Stratum effect;General;P < 0,001;P < 0,001;UC_LC;1.433734   ;< 1e-04 ***;***
ab.colsxrar;Stratum effect;General;P < 0,001;P < 0,001;UC_BC;2.949224   ;< 1e-04 ***;***
ab.colsxrar;Stratum effect;General;P < 0,001;P < 0,001;LC_BC;1.515490   ;< 1e-04 ***;***
sr.colsxrar;Stratum effect;General;P < 0,001;P < 0,001;AC_UC;-0.39209;< 0.001 ***;***
sr.colsxrar;Stratum effect;General;P < 0,001;P < 0,001;AC_LC;-0.10329;0.69476    ;N.S
sr.colsxrar;Stratum effect;General;P < 0,001;P < 0,001;AC_BC;0.39002    ;0.00152 **;**
sr.colsxrar;Stratum effect;General;P < 0,001;P < 0,001;UC_LC;0.28880    ;0.00493 **;**
sr.colsxrar;Stratum effect;General;P < 0,001;P < 0,001;UC_BC;0.78211    ;< 0.001 ***;***
sr.colsxrar;Stratum effect;General;P < 0,001;P < 0,001;LC_BC;0.49331    ;< 0.001 ***;***
ab.colsxcom;Stratum effect;General;P < 0,001;P < 0,001;AC_UC;-0.12324;0.57988    ;N.S
ab.colsxcom;Stratum effect;General;P < 0,001;P < 0,001;AC_LC;0.40309    ;0.00179 **;**
ab.colsxcom;Stratum effect;General;P < 0,001;P < 0,001;AC_BC;0.50515    ;< 0.001 ***;***
ab.colsxcom;Stratum effect;General;P < 0,001;P < 0,001;UC_LC;0.52632    ;< 0.001 ***;***
ab.colsxcom;Stratum effect;General;P < 0,001;P < 0,001;UC_BC;0.62839    ;< 0.001 ***;***
ab.colsxcom;Stratum effect;General;P < 0,001;P < 0,001;LC_BC;0.10206    ;0.83908    ;N.S
sr.colsxcom;Stratum effect;General;P < 0,001;P < 0,001;AC_UC;-0.16523;0.0108 *;N.S
sr.colsxcom;Stratum effect;General;P < 0,001;P < 0,001;AC_LC;-0.04309;0.8671    ;N.S
sr.colsxcom;Stratum effect;General;P < 0,001;P < 0,001;AC_BC;0.06086    ;0.6972    ;N.S
sr.colsxcom;Stratum effect;General;P < 0,001;P < 0,001;UC_LC;0.12214    ;0.1074    ;N.S
sr.colsxcom;Stratum effect;General;P < 0,001;P < 0,001;UC_BC;0.22609    ;< 0.001 ***;***
sr.colsxcom;Stratum effect;General;P < 0,001;P < 0,001;LC_BC;0.10395    ;0.2552    ;N.S
ab.fon;Stratum effect;Microhabitat Larvae Guilds;P < 0,05;N.S;AC_UC;;;N.S
ab.fon;Stratum effect;Microhabitat Larvae Guilds;P < 0,05;N.S;AC_LC;;;N.S
ab.fon;Stratum effect;Microhabitat Larvae Guilds;P < 0,05;N.S;AC_BC;;;N.S
ab.fon;Stratum effect;Microhabitat Larvae Guilds;P < 0,05;N.S;UC_LC;;;N.S
ab.fon;Stratum effect;Microhabitat Larvae Guilds;P < 0,05;N.S;UC_BC;;;N.S
ab.fon;Stratum effect;Microhabitat Larvae Guilds;P < 0,05;N.S;LC_BC;;;N.S
sr.fon;Stratum effect;Microhabitat Larvae Guilds;P < 0,01;N.S;AC_UC;;;N.S
sr.fon;Stratum effect;Microhabitat Larvae Guilds;P < 0,01;N.S;AC_LC;;;N.S
sr.fon;Stratum effect;Microhabitat Larvae Guilds;P < 0,01;N.S;AC_BC;;;N.S
sr.fon;Stratum effect;Microhabitat Larvae Guilds;P < 0,01;N.S;UC_LC;;;N.S
sr.fon;Stratum effect;Microhabitat Larvae Guilds;P < 0,01;N.S;UC_BC;;;N.S
sr.fon;Stratum effect;Microhabitat Larvae Guilds;P < 0,01;N.S;LC_BC;;;N.S
ab.lig;Stratum effect;Microhabitat Larvae Guilds;P < 0,001;P < 0,001;AC_UC;-0.22093;0.0497 *;N.S
ab.lig;Stratum effect;Microhabitat Larvae Guilds;P < 0,001;P < 0,001;AC_LC;0.18722    ;0.2060    ;N.S
ab.lig;Stratum effect;Microhabitat Larvae Guilds;P < 0,001;P < 0,001;AC_BC;0.41258    ;< 0.001 ***;***
ab.lig;Stratum effect;Microhabitat Larvae Guilds;P < 0,001;P < 0,001;UC_LC;0.40816    ;< 0.001 ***;***
ab.lig;Stratum effect;Microhabitat Larvae Guilds;P < 0,001;P < 0,001;UC_BC;0.63351    ;< 0.001 ***;***
ab.lig;Stratum effect;Microhabitat Larvae Guilds;P < 0,001;P < 0,001;LC_BC;0.22536    ;0.1358    ;N.S
sr.lig;Stratum effect;Microhabitat Larvae Guilds;P < 0,001;P < 0,001;AC_UC;-8.288;0.0452 *;N.S
sr.lig;Stratum effect;Microhabitat Larvae Guilds;P < 0,001;P < 0,001;AC_LC;4.259      ;0.5379    ;N.S
sr.lig;Stratum effect;Microhabitat Larvae Guilds;P < 0,001;P < 0,001;AC_BC;6.155      ;0.2132    ;N.S
sr.lig;Stratum effect;Microhabitat Larvae Guilds;P < 0,001;P < 0,001;UC_LC;12.547      ;< 0.001 ***;***
sr.lig;Stratum effect;Microhabitat Larvae Guilds;P < 0,001;P < 0,001;UC_BC;14.443      ;< 0.001 ***;***
sr.lig;Stratum effect;Microhabitat Larvae Guilds;P < 0,001;P < 0,001;LC_BC;1.896      ;0.9332;N.S
ab.xyl;Stratum effect;Trophic Larvae Guilds;P < 0,001;P < 0,001;AC_UC;-0.159302;0.64439    ;N.S
ab.xyl;Stratum effect;Trophic Larvae Guilds;P < 0,001;P < 0,001;AC_LC;0.438408   ;0.00679 **;**
ab.xyl;Stratum effect;Trophic Larvae Guilds;P < 0,001;P < 0,001;AC_BC;0.446536   ;0.00556 **;**
ab.xyl;Stratum effect;Trophic Larvae Guilds;P < 0,001;P < 0,001;UC_LC;0.597710   ;< 0.001 ***;***
ab.xyl;Stratum effect;Trophic Larvae Guilds;P < 0,001;P < 0,001;UC_BC;0.605837   ;< 0.001 ***;***
ab.xyl;Stratum effect;Trophic Larvae Guilds;P < 0,001;P < 0,001;LC_BC;0.008128   ;0.99992    ;N.S
sr.xyl;Stratum effect;Trophic Larvae Guilds;P < 0,001;P < 0,001;AC_UC;0.07525    ;0.509    ;N.S
sr.xyl;Stratum effect;Trophic Larvae Guilds;P < 0,001;P < 0,001;AC_LC;0.39300    ;< 1e-04 ***;***
sr.xyl;Stratum effect;Trophic Larvae Guilds;P < 0,001;P < 0,001;AC_BC;0.47732    ;< 1e-04 ***;***
sr.xyl;Stratum effect;Trophic Larvae Guilds;P < 0,001;P < 0,001;UC_LC;0.31774    ;< 1e-04 ***;***
sr.xyl;Stratum effect;Trophic Larvae Guilds;P < 0,001;P < 0,001;UC_BC;0.40206    ;< 1e-04 ***;***
sr.xyl;Stratum effect;Trophic Larvae Guilds;P < 0,001;P < 0,001;LC_BC;0.08432    ;0.737    ;N.S
ab.colsxrsx;Stratum effect;Microhabitat Larvae Guilds;;;AC_UC;;;
ab.colsxrsx;Stratum effect;Microhabitat Larvae Guilds;;;AC_LC;;;
ab.colsxrsx;Stratum effect;Microhabitat Larvae Guilds;;;AC_BC;;;
ab.colsxrsx;Stratum effect;Microhabitat Larvae Guilds;;;UC_LC;;;
ab.colsxrsx;Stratum effect;Microhabitat Larvae Guilds;;;UC_BC;;;
ab.colsxrsx;Stratum effect;Microhabitat Larvae Guilds;;;LC_BC;;;
sr.colsxsrx;Stratum effect;Microhabitat Larvae Guilds;;;AC_UC;;;
sr.colsxsrx;Stratum effect;Microhabitat Larvae Guilds;;;AC_LC;;;
sr.colsxsrx;Stratum effect;Microhabitat Larvae Guilds;;;AC_BC;;;
sr.colsxsrx;Stratum effect;Microhabitat Larvae Guilds;;;UC_LC;;;
sr.colsxsrx;Stratum effect;Microhabitat Larvae Guilds;;;UC_BC;;;
sr.colsxsrx;Stratum effect;Microhabitat Larvae Guilds;;;LC_BC;;;
ab.colsx;Dieback effect;General;;;UC_AC;;;
ab.colsx;Dieback effect;General;;;LC_AC;;;
ab.colsx;Dieback effect;General;;;BC_AC;;;
ab.colsx;Dieback effect;General;;;LC_UC;;;
ab.colsx;Dieback effect;General;;;BC_UC;;;
ab.colsx;Dieback effect;General;;;BC_LC;;;
sr.colsx;Dieback effect;General;;;UC_AC;;;
sr.colsx;Dieback effect;General;;;LC_AC;;;
sr.colsx;Dieback effect;General;;;BC_AC;;;
sr.colsx;Dieback effect;General;;;LC_UC;;;
sr.colsx;Dieback effect;General;;;BC_UC;;;
sr.colsx;Dieback effect;General;;;BC_LC;;;
ab.colsxrar;Dieback effect;General;;;UC_AC;;;
ab.colsxrar;Dieback effect;General;;;LC_AC;;;
ab.colsxrar;Dieback effect;General;;;BC_AC;;;
ab.colsxrar;Dieback effect;General;;;LC_UC;;;
ab.colsxrar;Dieback effect;General;;;BC_UC;;;
ab.colsxrar;Dieback effect;General;;;BC_LC;;;
sr.colsxrar;Dieback effect;General;;;UC_AC;;;
sr.colsxrar;Dieback effect;General;;;LC_AC;;;
sr.colsxrar;Dieback effect;General;;;BC_AC;;;
sr.colsxrar;Dieback effect;General;;;LC_UC;;;
sr.colsxrar;Dieback effect;General;;;BC_UC;;;
sr.colsxrar;Dieback effect;General;;;BC_LC;;;
ab.colsxcom;Dieback effect;General;;;UC_AC;;;
ab.colsxcom;Dieback effect;General;;;LC_AC;;;
ab.colsxcom;Dieback effect;General;;;BC_AC;;;
ab.colsxcom;Dieback effect;General;;;LC_UC;;;
ab.colsxcom;Dieback effect;General;;;BC_UC;;;
ab.colsxcom;Dieback effect;General;;;BC_LC;;;
sr.colsxcom;Dieback effect;General;P < 0,001;P < 0,001;UC_AC;0.00234 ;0.9412;N.S
sr.colsxcom;Dieback effect;General;P < 0,001;P < 0,001;LC_AC;0.01035 ;0.0688;N.S
sr.colsxcom;Dieback effect;General;P < 0,001;P < 0,001;BC_AC;0.01188 ;0.0297 *;N.S
sr.colsxcom;Dieback effect;General;P < 0,001;P < 0,001;LC_UC;0.00801 ;0.1995;N.S
sr.colsxcom;Dieback effect;General;P < 0,001;P < 0,001;BC_UC;0.00954 ;0.0978;N.S
sr.colsxcom;Dieback effect;General;P < 0,001;P < 0,001;BC_LC;0.00153 ;0.9844;N.S
ab.fon;Dieback effect;Microhabitat Larvae Guilds;P < 0,001;P < 0,001;UC_AC;0.01948 ;0.0422 *;N.S
ab.fon;Dieback effect;Microhabitat Larvae Guilds;P < 0,001;P < 0,001;LC_AC;0.02480 ;0.0087 **;N.S
ab.fon;Dieback effect;Microhabitat Larvae Guilds;P < 0,001;P < 0,001;BC_AC;0.03329 ;< 0.001 ***;***
ab.fon;Dieback effect;Microhabitat Larvae Guilds;P < 0,001;P < 0,001;LC_UC;0.00532 ;0.7510;N.S
ab.fon;Dieback effect;Microhabitat Larvae Guilds;P < 0,001;P < 0,001;BC_UC;0.01381 ;0.0274 *;N.S
ab.fon;Dieback effect;Microhabitat Larvae Guilds;P < 0,001;P < 0,001;BC_LC;0.00849 ;0.3830;N.S
sr.fon;Dieback effect;Microhabitat Larvae Guilds;P < 0,001;P < 0,001;UC_AC;-0.00181;0.9772;N.S
sr.fon;Dieback effect;Microhabitat Larvae Guilds;P < 0,001;P < 0,001;LC_AC;0.00782 ;0.2723;N.S
sr.fon;Dieback effect;Microhabitat Larvae Guilds;P < 0,001;P < 0,001;BC_AC;0.01045 ;0.0836;N.S
sr.fon;Dieback effect;Microhabitat Larvae Guilds;P < 0,001;P < 0,001;LC_UC;0.00963 ;0.1008;N.S
sr.fon;Dieback effect;Microhabitat Larvae Guilds;P < 0,001;P < 0,001;BC_UC;0.01226 ;0.0220 *;N.S
sr.fon;Dieback effect;Microhabitat Larvae Guilds;P < 0,001;P < 0,001;BC_LC;0.00263 ;0.9230;N.S
ab.lig;Dieback effect;Microhabitat Larvae Guilds;;;UC_AC;;;
ab.lig;Dieback effect;Microhabitat Larvae Guilds;;;LC_AC;;;
ab.lig;Dieback effect;Microhabitat Larvae Guilds;;;BC_AC;;;
ab.lig;Dieback effect;Microhabitat Larvae Guilds;;;LC_UC;;;
ab.lig;Dieback effect;Microhabitat Larvae Guilds;;;BC_UC;;;
ab.lig;Dieback effect;Microhabitat Larvae Guilds;;;BC_LC;;;
sr.lig;Dieback effect;Microhabitat Larvae Guilds;;;UC_AC;;;
sr.lig;Dieback effect;Microhabitat Larvae Guilds;;;LC_AC;;;
sr.lig;Dieback effect;Microhabitat Larvae Guilds;;;BC_AC;;;
sr.lig;Dieback effect;Microhabitat Larvae Guilds;;;LC_UC;;;
sr.lig;Dieback effect;Microhabitat Larvae Guilds;;;BC_UC;;;
sr.lig;Dieback effect;Microhabitat Larvae Guilds;;;BC_LC;;;
ab.xyl;Dieback effect;Trophic Larvae Guilds;;;UC_AC;;;
ab.xyl;Dieback effect;Trophic Larvae Guilds;;;LC_AC;;;
ab.xyl;Dieback effect;Trophic Larvae Guilds;;;BC_AC;;;
ab.xyl;Dieback effect;Trophic Larvae Guilds;;;LC_UC;;;
ab.xyl;Dieback effect;Trophic Larvae Guilds;;;BC_UC;;;
ab.xyl;Dieback effect;Trophic Larvae Guilds;;;BC_LC;;;
sr.xyl;Dieback effect;Trophic Larvae Guilds;;;UC_AC;;;
sr.xyl;Dieback effect;Trophic Larvae Guilds;;;LC_AC;;;
sr.xyl;Dieback effect;Trophic Larvae Guilds;;;BC_AC;;;
sr.xyl;Dieback effect;Trophic Larvae Guilds;;;LC_UC;;;
sr.xyl;Dieback effect;Trophic Larvae Guilds;;;BC_UC;;;
sr.xyl;Dieback effect;Trophic Larvae Guilds;;;BC_LC;;;
ab.colsxrsx;Dieback effect;Microhabitat Larvae Guilds;;;UC_AC;;;
ab.colsxrsx;Dieback effect;Microhabitat Larvae Guilds;;;LC_AC;;;
ab.colsxrsx;Dieback effect;Microhabitat Larvae Guilds;;;BC_AC;;;
ab.colsxrsx;Dieback effect;Microhabitat Larvae Guilds;;;LC_UC;;;
ab.colsxrsx;Dieback effect;Microhabitat Larvae Guilds;;;BC_UC;;;
ab.colsxrsx;Dieback effect;Microhabitat Larvae Guilds;;;BC_LC;;;
sr.colsxsrx;Dieback effect;Microhabitat Larvae Guilds;;;UC_AC;;;
sr.colsxsrx;Dieback effect;Microhabitat Larvae Guilds;;;LC_AC;;;
sr.colsxsrx;Dieback effect;Microhabitat Larvae Guilds;;;BC_AC;;;
sr.colsxsrx;Dieback effect;Microhabitat Larvae Guilds;;;LC_UC;;;
sr.colsxsrx;Dieback effect;Microhabitat Larvae Guilds;;;BC_UC;;;
sr.colsxsrx;Dieback effect;Microhabitat Larvae Guilds;;;BC_LC;;;
