"id_arbre","strate","abon_tot","abon_saprox","abon_cavite","abon_sporophore","densi_tot","densi_saprox","densi_cavite","densi_sporophore","div_tot","div_saprox","div_cavite","div_sporophore"
"T_118","arbre",7,6,4,0,0.194444444444444,0.166666666666667,0.111111111111111,0,4,3,1,0
"T_19","arbre",11,11,2,0,0.25,0.25,0.0454545454545455,0,6,6,1,0
"T_207","arbre",11,10,2,0,0.261904761904762,0.238095238095238,0.0476190476190476,0,5,4,1,0
"T_315","arbre",7,7,1,0,0.155555555555556,0.155555555555556,0.0222222222222222,0,2,2,1,0
"T_327","arbre",6,6,2,0,0.153846153846154,0.153846153846154,0.0512820512820513,0,2,2,1,0
"T_337","arbre",14,13,2,0,0.341463414634146,0.317073170731707,0.0487804878048781,0,8,7,2,0
"T_350","arbre",10,8,2,0,0.285714285714286,0.228571428571429,0.0571428571428571,0,4,3,1,0
"T_368","arbre",4,0,0,0,0.114285714285714,0,0,0,3,0,0,0
"T_413","arbre",9,7,3,0,0.257142857142857,0.2,0.0857142857142857,0,6,4,1,0
"T_43","arbre",9,6,1,0,0.243243243243243,0.162162162162162,0.027027027027027,0,7,4,1,0
"V_169","arbre",3,1,0,0,0.1,0.0333333333333333,0,0,3,1,0,0
"V_179","arbre",7,7,1,0,0.194444444444444,0.194444444444444,0.0277777777777778,0,4,4,1,0
"V_22","arbre",5,4,1,0,0.15625,0.125,0.03125,0,3,2,1,0
"V_236","arbre",9,6,2,0,0.346153846153846,0.230769230769231,0.0769230769230769,0,7,4,1,0
"V_249","arbre",3,2,0,0,0.111111111111111,0.0740740740740741,0,0,2,1,0,0
"V_270","arbre",4,3,1,0,0.137931034482759,0.103448275862069,0.0344827586206897,0,4,3,1,0
"V_290","arbre",2,2,0,0,0.0740740740740741,0.0740740740740741,0,0,2,2,0,0
"V_63","arbre",4,2,1,1,0.142857142857143,0.0714285714285714,0.0357142857142857,0.0357142857142857,4,2,1,1
"V_71","arbre",14,12,6,0,0.466666666666667,0.4,0.2,0,10,8,2,0
"V_81","arbre",3,2,0,0,0.1,0.0666666666666667,0,0,2,1,0,0
"T_118","BC",0,0,0,0,0,0,0,0,0,0,0,0
"T_19","BC",2,2,1,0,0.103092783505155,0.103092783505155,0.0515463917525773,0,2,2,1,0
"T_207","BC",1,0,0,0,0.0641025641025641,0,0,0,1,0,0,0
"T_315","BC",1,1,1,0,0.0529100529100529,0.0529100529100529,0.0529100529100529,0,1,1,1,0
"T_327","BC",0,0,0,0,0,0,0,0,0,0,0,0
"T_337","BC",8,7,1,0,0.441988950276243,0.386740331491713,0.0552486187845304,0,6,5,1,0
"T_350","BC",5,3,1,0,0.246305418719212,0.147783251231527,0.0492610837438424,0,3,2,1,0
"T_368","BC",2,0,0,0,0.173913043478261,0,0,0,1,0,0,0
"T_413","BC",2,1,1,0,0.217391304347826,0.108695652173913,0.108695652173913,0,2,1,1,0
"T_43","BC",3,1,0,0,0.182926829268293,0.0609756097560976,0,0,3,1,0,0
"V_169","BC",1,0,0,0,0.0641025641025641,0,0,0,1,0,0,0
"V_179","BC",5,5,1,0,0.268817204301075,0.268817204301075,0.053763440860215,0,4,4,1,0
"V_22","BC",1,1,1,0,0.142857142857143,0.142857142857143,0.142857142857143,0,1,1,1,0
"V_236","BC",3,1,1,0,0.333333333333333,0.111111111111111,0.111111111111111,0,3,1,1,0
"V_249","BC",0,0,0,0,0,0,0,0,0,0,0,0
"V_270","BC",3,3,1,0,0.214285714285714,0.214285714285714,0.0714285714285714,0,3,3,1,0
"V_290","BC",2,2,0,0,0.122699386503067,0.122699386503067,0,0,2,2,0,0
"V_63","BC",1,1,0,0,0.0505050505050505,0.0505050505050505,0,0,1,1,0,0
"V_71","BC",7,6,5,0,0.564516129032258,0.483870967741935,0.403225806451613,0,4,3,2,0
"V_81","BC",0,0,0,0,0,0,0,0,0,0,0,0
"T_118","LC",5,5,4,0,0.495049504950495,0.495049504950495,0.396039603960396,0,2,2,1,0
"T_19","LC",7,7,1,0,0.569105691056911,0.569105691056911,0.0813008130081301,0,5,5,1,0
"T_207","LC",6,6,2,0,0.454545454545455,0.454545454545455,0.151515151515152,0,3,3,1,0
"T_315","LC",2,2,0,0,0.153256704980843,0.153256704980843,0,0,1,1,0,0
"T_327","LC",2,2,1,0,0.153846153846154,0.153846153846154,0.0769230769230769,0,2,2,1,0
"T_337","LC",6,6,1,0,0.524017467248908,0.524017467248908,0.0873362445414847,0,4,4,1,0
"T_350","LC",2,2,1,0,0.272108843537415,0.272108843537415,0.136054421768707,0,2,2,1,0
"T_368","LC",0,0,0,0,0,0,0,0,0,0,0,0
"T_413","LC",4,4,1,0,0.310077519379845,0.310077519379845,0.0775193798449612,0,4,4,1,0
"T_43","LC",3,3,1,0,0.29126213592233,0.29126213592233,0.0970873786407767,0,3,3,1,0
"V_169","LC",1,1,0,0,0.138888888888889,0.138888888888889,0,0,1,1,0,0
"V_179","LC",2,2,0,0,0.229885057471264,0.229885057471264,0,0,1,1,0,0
"V_22","LC",2,2,0,0,0.16,0.16,0,0,1,1,0,0
"V_236","LC",5,5,1,0,0.588235294117647,0.588235294117647,0.117647058823529,0,4,4,1,0
"V_249","LC",1,1,0,0,0.169491525423729,0.169491525423729,0,0,1,1,0,0
"V_270","LC",0,0,0,0,0,0,0,0,0,0,0,0
"V_290","LC",0,0,0,0,0,0,0,0,0,0,0,0
"V_63","LC",1,1,1,0,0.0763358778625954,0.0763358778625954,0.0763358778625954,0,1,1,1,0
"V_71","LC",5,5,1,0,0.568181818181818,0.568181818181818,0.113636363636364,0,5,5,1,0
"V_81","LC",2,2,0,0,0.235294117647059,0.235294117647059,0,0,1,1,0,0
"T_118","UC",2,1,0,0,0.198019801980198,0.099009900990099,0,0,2,1,0,0
"T_19","UC",2,2,0,0,0.16260162601626,0.16260162601626,0,0,2,2,0,0
"T_207","UC",4,4,0,0,0.303030303030303,0.303030303030303,0,0,2,2,0,0
"T_315","UC",4,4,0,0,0.306513409961686,0.306513409961686,0,0,1,1,0,0
"T_327","UC",4,4,1,0,0.307692307692308,0.307692307692308,0.0769230769230769,0,2,2,1,0
"T_337","UC",0,0,0,0,0,0,0,0,0,0,0,0
"T_350","UC",3,3,0,0,0.408163265306122,0.408163265306122,0,0,2,2,0,0
"T_368","UC",2,0,0,0,0.170212765957447,0,0,0,2,0,0,0
"T_413","UC",3,2,1,0,0.232558139534884,0.155038759689922,0.0775193798449612,0,3,2,1,0
"T_43","UC",3,2,0,0,0.29126213592233,0.194174757281553,0,0,2,1,0,0
"V_169","UC",1,0,0,0,0.138888888888889,0,0,0,1,0,0,0
"V_179","UC",0,0,0,0,0,0,0,0,0,0,0,0
"V_22","UC",2,1,0,0,0.16,0.08,0,0,2,1,0,0
"V_236","UC",1,0,0,0,0.117647058823529,0,0,0,1,0,0,0
"V_249","UC",2,1,0,0,0.338983050847458,0.169491525423729,0,0,2,1,0,0
"V_270","UC",1,0,0,0,0.133333333333333,0,0,0,1,0,0,0
"V_290","UC",0,0,0,0,0,0,0,0,0,0,0,0
"V_63","UC",2,0,0,1,0.152671755725191,0,0,0.0763358778625954,2,0,0,1
"V_71","UC",2,1,0,0,0.227272727272727,0.113636363636364,0,0,2,1,0,0
"V_81","UC",1,0,0,0,0.117647058823529,0,0,0,1,0,0,0
